#{"t_start": 1764624546.179369, "env_id": "None"}
r,l,t
567.8,184,0.59297
588.0,206,0.628781
245.0,197,0.661223
819.9,227,0.698739
747.6,260,0.741925
490.1,198,0.773818
404.0,197,0.805472
489.3,200,0.837565
395.8,220,0.873031
484.5,218,1.293355
503.3,223,1.329535
319.9,219,1.364823
538.1,217,1.399659
593.6,221,1.43581
321.1,203,1.468826
330.5,209,1.502861
1064.8,218,1.537926
1051.6,214,1.572437
664.9,195,1.604172
562.8,197,1.955302
399.8,206,1.988091
399.4,187,2.017777
643.7,168,2.044987
564.0,203,2.077482
724.4,227,2.113629
558.8,189,2.144238
484.9,175,2.172397
804.7,180,2.201505
642.3,198,2.233259
406.4,203,2.585634
721.4,169,2.612887
798.5,195,2.644209
566.6,191,2.67482
561.0,178,2.703322
412.6,188,2.733203
884.8,210,2.766619
239.4,203,2.799698
416.6,175,2.827645
563.8,208,2.860987
730.8,207,2.895508
252.6,159,3.237401
335.7,198,3.26949
421.2,171,3.297219
570.0,195,3.328829
237.2,173,3.356686
676.3,149,3.380597
314.3,178,3.409331
404.0,174,3.437802
395.4,174,3.465892
484.1,167,3.492538
888.2,195,3.524047
665.1,166,3.550653
646.3,174,3.897231
403.4,151,3.921406
159.7,156,3.946449
408.0,151,3.970473
1041.8,148,3.993887
804.9,165,4.020871
604.8,180,4.050386
410.0,167,4.081271
728.2,181,4.114422
409.2,170,4.14366
731.4,174,4.172441
414.8,148,4.197062
825.7,150,4.567425
802.1,159,4.592874
407.2,171,4.620703
502.1,170,4.647619
398.0,146,4.670609
404.4,167,4.696954
881.4,155,4.721424
571.8,158,4.746905
483.7,166,4.773619
566.6,140,4.795861
559.4,160,4.821411
409.2,162,4.847809
561.2,159,4.873348
330.3,185,5.224698
409.4,158,5.25024
770.2,166,5.276837
403.8,147,5.300163
883.0,161,5.325855
655.7,158,5.350987
725.6,177,5.379247
159.1,169,5.406165
490.1,163,5.432638
407.6,171,5.459927
490.9,169,5.487741
483.1,166,5.514242
564.2,169,5.541284
566.0,168,5.891662
570.8,156,5.917149
583.0,174,5.945529
247.2,179,5.974712
399.0,154,6.000902
646.1,160,6.02721
884.2,169,6.054533
1146.3,160,6.081218
398.4,165,6.108274
320.9,185,6.138402
487.9,161,6.164516
719.6,162,6.190986
404.0,174,6.538225
616.4,160,6.564266
641.1,168,6.591286
483.9,151,6.615327
411.8,159,6.640707
340.9,156,6.665635
646.7,146,6.688981
403.8,142,6.71169
666.1,176,6.740538
341.9,155,6.76566
560.2,148,6.789743
641.7,164,6.81628
404.8,178,6.844951
746.8,169,7.190881
405.4,164,7.217562
897.0,148,7.241168
349.3,158,7.266435
242.4,166,7.292817
408.6,157,7.317707
648.7,166,7.344066
728.6,169,7.371372
236.0,156,7.396562
800.5,150,7.420439
645.5,149,7.444136
398.6,175,7.472458
488.5,139,7.494805
691.9,159,7.839127
408.0,152,7.863242
317.7,142,7.885467
417.4,170,7.912356
565.0,158,7.937417
493.1,152,7.961594
487.9,144,7.984498
408.6,169,8.011538
1049.8,147,8.036261
651.5,144,8.059439
821.9,177,8.08824
730.4,174,8.116178
479.3,157,8.141436
485.7,147,8.483552
239.2,173,8.511462
891.4,178,8.540652
594.6,191,8.57181
239.2,172,8.59955
405.4,152,8.623956
886.8,150,8.6479
814.3,175,8.676409
503.3,168,8.703808
564.0,151,8.728216
324.7,179,8.757009
408.8,156,8.782042
582.8,165,9.127156
650.1,141,9.149646
407.8,154,9.173913
403.0,177,9.201862
651.7,158,9.226673
718.8,184,9.255702
164.9,162,9.280983
500.3,141,9.303052
678.9,147,9.326612
886.4,169,9.35399
578.6,157,9.378998
655.7,157,9.40375
808.5,162,9.42965
609.4,158,9.776615
322.9,156,9.801564
319.5,144,9.824599
971.7,148,9.848155
729.8,167,9.874871
678.7,159,9.900348
726.6,169,9.927309
409.2,162,9.952972
565.2,162,9.979515
500.3,158,10.004739
617.2,164,10.031384
814.5,179,10.060083
402.4,178,10.088577
409.4,174,10.435695
491.5,163,10.461374
594.2,178,10.489453
807.7,188,10.519102
650.7,175,10.547745
648.9,159,10.573201
1154.9,175,10.601396
810.9,164,10.628148
817.1,163,10.654466
803.5,143,10.677449
740.4,166,10.704074
1161.5,172,10.731789
560.2,176,11.083111
649.1,170,11.110715
573.0,151,11.135301
643.7,158,11.160947
939.8,165,11.187654
319.1,153,11.212241
506.3,161,11.238243
656.9,158,11.264098
656.5,167,11.291591
650.3,171,11.319367
508.7,163,11.345091
642.9,168,11.3717
673.7,153,11.713729
503.7,155,11.738641
883.8,161,11.764934
321.3,156,11.790232
488.3,175,11.818535
571.4,155,11.843369
663.1,175,11.871572
645.9,142,11.894362
577.4,161,11.920691
1238.8,166,11.94781
650.9,155,11.972872
655.1,154,11.997657
411.6,154,12.022528
566.4,185,12.371958
726.2,164,12.39805
832.7,163,12.423857
807.3,183,12.452988
664.7,170,12.479868
990.7,180,12.508435
913.4,187,12.538694
585.4,163,12.565279
569.2,159,12.590642
735.8,168,12.617796
583.2,193,12.649217
889.6,155,12.673968
1047.2,186,13.020161
411.0,166,13.047247
553.6,160,13.073409
1055.8,182,13.102933
1543.4,152,13.127325
727.4,174,13.155339
1131.5,154,13.180171
733.2,179,13.209163
511.3,168,13.236553
573.4,164,13.263162
424.4,175,13.291544
654.5,190,13.322575
656.7,159,13.664483
578.8,171,13.69185
1633.1,180,13.721244
1130.9,182,13.750607
832.5,184,13.77993
818.5,181,13.808873
670.3,160,13.834283
646.5,167,13.861346
1181.5,185,13.891121
1416.4,162,13.917231
250.8,181,13.946549
1017.7,168,13.973563
826.5,152,14.315225
664.1,155,14.340229
812.9,195,14.371752
648.3,162,14.397753
1023.1,168,14.424808
736.8,164,14.451526
656.9,158,14.476947
574.6,194,14.508613
496.5,158,14.534187
826.7,165,14.561073
890.8,196,14.592471
736.0,178,14.621194
492.7,181,14.967325
910.0,180,14.996037
573.4,177,15.024359
810.3,174,15.052332
513.5,168,15.07957
734.4,167,15.106192
240.0,154,15.130492
828.1,205,15.163772
879.2,175,15.192185
503.1,171,15.219581
342.7,194,15.250808
574.8,184,15.596498
647.3,190,15.627584
1230.6,200,15.659776
641.5,165,15.686236
893.6,170,15.713312
675.1,171,15.740771
807.1,181,15.769803
823.3,196,15.801448
865.1,168,15.828911
672.7,194,15.860058
411.2,167,15.886774
411.6,163,15.913185
967.9,202,16.266207
958.4,189,16.296682
570.6,156,16.321598
1137.1,168,16.348583
974.1,194,16.379759
672.1,177,16.408117
509.1,186,16.438245
966.7,174,16.466187
595.4,165,16.492789
887.2,200,16.524916
739.2,184,16.55523
849.1,215,16.908259
818.1,183,16.937394
833.9,178,16.965603
731.0,170,16.992556
483.7,178,17.020554
595.0,174,17.04892
752.0,207,17.082472
894.8,190,17.113684
1214.4,165,17.140377
975.3,191,17.171262
1213.8,169,17.198368
1538.2,172,17.544241
648.1,162,17.570664
651.5,172,17.598263
579.0,194,17.629459
500.9,163,17.65558
645.9,177,17.683986
895.8,175,17.711985
722.6,183,17.741591
733.8,188,17.771752
415.8,189,17.802098
727.4,143,17.825101
507.5,149,17.849263
596.4,170,18.194529
809.5,182,18.224223
567.0,179,18.25331
648.9,185,18.283364
731.0,178,18.312177
491.5,179,18.34116
416.8,174,18.369557
588.6,193,18.401562
1208.2,160,18.427519
497.3,164,18.454136
566.4,183,18.483849
568.6,188,18.514757
818.3,182,18.863365
1047.4,179,18.89216
1156.9,189,18.922524
490.1,201,18.954883
814.3,173,18.982719
893.6,167,19.009642
651.9,186,19.039677
906.4,182,19.069572
407.4,195,19.1014
1306.5,212,19.135716
645.7,213,19.487912
888.2,193,19.519099
886.0,239,19.558058
406.2,158,19.584109
973.5,208,19.618132
727.2,193,19.649505
994.7,196,19.68155
914.8,179,19.710699
646.7,192,19.742048
1042.2,198,19.77453
643.3,174,19.802681
731.6,200,20.152276
1208.8,208,20.186058
972.7,197,20.217812
1288.9,203,20.25048
1235.6,199,20.282478
1145.9,223,20.318563
1037.6,232,20.356834
967.3,217,20.392306
1294.1,219,20.428015
1129.1,199,20.460626
809.9,184,20.808464
418.4,215,20.843286
652.9,189,20.873693
978.1,195,20.904953
1055.8,175,20.93283
993.7,215,20.967107
567.0,171,20.995023
810.3,193,21.028436
886.2,190,21.059471
564.0,226,21.095815
905.4,204,21.448348
1211.2,199,21.480625
972.7,212,21.514682
1140.1,207,21.548317
999.1,201,21.580777
737.6,203,21.613291
1230.8,206,21.646953
814.7,197,21.679212
1241.0,177,21.707812
968.5,201,21.740133
581.8,188,21.770537
816.3,239,22.127257
1130.1,206,22.160344
991.7,226,22.197387
829.3,208,22.230952
726.8,209,22.264678
1313.9,213,22.299385
1366.2,243,22.338761
980.3,185,22.368619
829.9,214,22.40308
829.1,202,22.753038
1547.4,170,22.780078
1139.5,175,22.807855
968.3,216,22.845244
961.9,224,22.88326
1477.1,182,22.913102
833.7,206,22.947111
1612.1,213,22.982376
574.8,223,23.018356
867.1,177,23.046873
1296.7,225,23.401919
969.7,209,23.435439
1133.3,213,23.469554
1287.5,218,23.504495
1141.3,200,23.537281
809.7,220,23.572907
1827.1,185,23.626959
1155.3,220,23.662873
974.1,185,23.692608
804.1,182,23.721988
734.6,198,24.073127
1690.4,214,24.107933
1069.2,189,24.138363
564.6,213,24.17311
1054.6,187,24.203347
1100.2,211,24.237562
814.9,197,24.269606
809.1,210,24.303896
1374.4,194,24.334928
1121.7,164,24.361224
1240.4,185,24.39097
975.5,189,24.739985
1053.0,197,24.771808
1390.4,207,24.805148
579.2,203,24.837955
758.6,187,24.868269
679.1,203,24.901136
1391.8,207,24.93522
1214.0,200,24.967647
1126.1,203,25.001118
656.5,185,25.030879
831.5,194,25.380593
674.7,184,25.409755
909.6,196,25.440861
1150.9,210,25.47499
874.4,213,25.509581
665.3,207,25.543406
901.0,211,25.577814
486.3,174,25.606344
891.8,227,25.643398
573.8,217,25.678537
863.1,178,26.028496
573.4,205,26.06191
1101.6,223,26.098228
1376.6,227,26.135152
1043.2,215,26.169915
1375.8,212,26.203835
1298.3,227,26.241023
1386.4,226,26.278244
570.2,185,26.307992
654.5,194,26.339588
993.3,229,26.695324
1384.0,208,26.728966
892.2,206,26.762174
969.7,220,26.797704
991.1,240,26.836479
1146.1,237,26.875333
1055.0,209,26.909151
888.8,242,26.948129
653.7,225,26.984687
914.4,214,27.339528
1218.8,197,27.371548
898.0,214,27.406178
799.9,229,27.443222
894.2,219,27.478515
1229.6,228,27.515282
1612.1,221,27.551775
1194.0,310,27.603155
753.4,220,27.63902
877.8,245,27.996458
737.0,233,28.034443
1296.7,204,28.067411
1348.9,171,28.094673
1378.6,207,28.127755
1927.6,214,28.162823
897.6,220,28.198742
1454.7,196,28.230558
803.5,257,28.272498
730.0,189,28.302829
1526.0,229,28.656737
733.0,222,28.69235
1212.6,253,28.73297
730.6,218,28.768369
896.8,217,28.803921
665.1,220,28.840477
970.7,215,28.875442
668.3,239,28.914596
823.1,279,29.278968
1376.0,211,29.312783
758.6,221,29.34896
817.7,210,29.383369
654.7,199,29.416122
981.3,182,29.445822
1126.1,249,29.486924
718.6,307,29.538156
1142.9,214,29.573043
757.8,189,29.603701
1071.6,213,29.955087
812.3,218,29.990302
994.9,247,30.030247
1297.9,185,30.060049
939.0,233,30.097617
1389.4,277,30.14253
751.8,198,30.174518
1794.3,261,30.216817
1214.0,262,30.259192
1059.8,175,30.605645
801.7,216,30.640679
1147.7,238,30.679827
1285.5,229,30.717298
1534.8,203,30.750528
1284.1,261,30.793707
897.8,198,30.826048
1297.1,229,30.86374
893.4,215,30.898706
1236.8,229,31.257109
1210.0,249,31.297616
928.6,200,31.32985
1464.5,180,31.359254
646.1,212,31.394547
1134.5,236,31.433631
912.8,254,31.475619
1234.4,225,31.512291
1412.4,281,31.558049
1230.4,219,31.910526
500.5,225,31.946964
826.7,274,31.991742
741.4,219,32.027835
802.5,252,32.068961
1380.6,214,32.10391
596.6,244,32.14383
1042.6,215,32.178713
740.4,184,32.208453
1200.4,298,32.575424
1071.8,237,32.613736
989.3,207,32.646828
1134.5,226,32.683645
992.7,246,32.723964
1381.0,225,32.7612
752.6,212,32.795465
727.4,260,32.837962
1121.3,265,33.199796
1364.0,277,33.24496
841.7,223,33.28184
893.8,260,33.324474
1444.5,267,33.368251
1297.9,205,33.401604
809.9,237,33.43991
890.4,264,33.482483
742.6,304,33.850245
873.0,345,33.906482
967.9,203,33.939311
1225.4,249,33.979927
1603.5,249,34.021121
657.3,280,34.067963
1411.4,208,34.10165
1392.2,205,34.13509
1301.1,298,34.501229
1109.9,294,34.549031
1129.3,302,34.598662
1293.9,215,34.633717
1138.1,214,34.668744
980.3,241,34.707789
742.0,273,34.751961
817.5,199,34.783981
964.7,329,35.154842
940.2,221,35.190661
970.3,250,35.231041
635.5,354,35.288728
1199.8,245,35.32914
1053.2,226,35.36644
1058.4,301,35.416309
1065.8,271,35.461067
960.5,281,35.825503
982.3,245,35.865669
1134.7,236,35.904087
1212.2,248,35.945516
1527.0,281,35.992451
1236.8,204,36.027555
1298.7,237,36.066809
1125.7,266,36.109887
815.1,255,36.469058
1123.1,260,36.511765
893.4,212,36.546472
863.4,332,36.601567
811.5,223,36.637709
1127.9,241,36.676723
1314.3,245,36.717187
915.4,252,36.759152
1658.5,248,37.116815
1122.3,252,37.157676
731.6,324,37.210482
1212.4,336,37.265235
992.9,227,37.30206
793.5,341,37.357584
1195.4,314,37.40858
990.3,216,37.76131
1121.1,294,37.809246
641.3,345,37.866618
967.1,293,37.91512
1297.7,203,37.948334
1549.6,234,37.986816
879.8,280,38.032834
1318.1,257,38.074423
1204.4,285,38.436288
1307.9,274,38.481382
1442.5,274,38.526614
1297.5,246,38.566648
895.8,242,38.606264
1348.8,331,38.660613
1000.1,227,38.698249
1050.0,249,38.739465
834.9,251,39.096922
1034.4,282,39.142751
1377.6,201,39.175636
1149.1,215,39.210797
1212.6,245,39.251172
1283.5,244,39.291081
1293.1,246,39.331406
970.7,249,39.37214
1539.6,186,39.718482
1395.8,220,39.754378
1313.9,266,39.797618
1193.8,307,39.848059
1389.6,253,39.889501
819.3,223,39.926056
1471.9,250,39.967035
1291.7,216,40.002458
1315.1,231,40.040317
1062.6,234,40.394348
897.0,287,40.441444
1199.6,291,40.489357
1213.3,242,40.528887
1094.4,250,40.570191
1205.6,271,40.613897
1694.0,243,40.652689
881.4,322,41.022376
1333.1,227,41.060366
1269.6,213,41.095546
983.1,254,41.137434
1212.0,276,41.18307
1861.6,279,41.22913
1283.7,314,41.281087
1115.5,327,41.335189
1574.6,207,41.685791
810.1,232,41.723466
894.0,290,41.771666
985.7,241,41.811949
974.3,261,41.855326
1293.9,328,41.91003
1293.3,256,41.952764
1216.4,242,41.992865
1040.6,276,42.354016
1389.6,280,42.399101
894.6,208,42.433053
652.1,232,42.47122
1130.5,253,42.512851
486.7,287,42.559605
555.6,254,42.600466
1212.0,253,42.641669
718.0,300,43.006446
1800.7,200,43.039085
1030.6,363,43.098654
1160.5,203,43.131265
1207.4,300,43.18068
1538.8,250,43.2222
1292.9,273,43.267424
986.7,259,43.310175
806.1,297,43.673954
741.8,263,43.716407
1290.1,267,43.760506
1055.4,244,43.800591
1131.5,275,43.845838
1396.2,243,43.885754
477.9,248,43.926625
729.4,236,43.965797
814.9,249,44.322899
1388.6,285,44.370536
1213.0,233,44.409399
1038.8,225,44.446703
733.6,236,44.485869
1230.8,228,44.52377
1192.2,299,44.573595
966.1,287,44.620378
1143.5,233,44.973972
1590.0,207,45.008364
973.1,255,45.050953
1130.7,279,45.096509
1457.3,219,45.13265
968.3,229,45.170591
1150.3,250,45.211845
1056.0,234,45.250153
1378.2,195,45.597972
641.7,284,45.644112
1130.3,270,45.688468
830.1,260,45.731293
1126.3,290,45.779181
1123.3,370,45.839861
1404.4,198,45.872134
1147.9,240,45.911353
1691.2,234,46.270883
1438.7,312,46.322331
1402.0,233,46.360675
1354.4,298,46.410017
1259.6,258,46.452631
1313.5,267,46.496372
1195.2,309,46.547351
1142.7,297,46.912614
1227.6,289,46.960518
1131.5,299,47.0105
1059.4,228,47.048475
974.7,272,47.093621
901.8,259,47.136371
1296.5,248,47.177106
1542.6,215,47.212433
1044.6,291,47.576426
415.4,345,47.633166
1148.1,267,47.677002
977.1,253,47.718402
1222.6,214,47.753556
1119.4,210,47.788018
890.0,247,47.828251
1604.9,297,47.876662
989.9,324,48.245398
1442.1,324,48.29895
897.6,337,48.355094
986.3,290,48.403432
1475.5,239,48.443169
1071.4,234,48.481979
1808.7,239,48.521687
923.2,232,48.876761
811.5,240,48.916613
945.3,350,48.975501
1048.0,258,49.018746
1616.9,243,49.059429
576.6,350,49.118284
1191.8,329,49.173499
1469.3,295,49.538137
787.5,382,49.600523
1076.4,267,49.644325
1701.0,283,49.690826
1007.9,214,49.725946
967.3,323,49.779254
1687.8,346,49.835975
1299.3,302,50.201419
1145.7,288,50.248423
1789.1,266,50.292734
964.3,288,50.340875
917.2,254,50.383221
951.1,315,50.435971
1162.9,238,50.475465
1069.4,286,50.839779
1519.4,323,50.89396
1294.1,258,50.937389
1444.5,282,50.984717
798.9,327,51.040209
1306.3,227,51.078014
1135.1,239,51.117601
739.0,337,51.173501
1124.1,312,51.541403
1441.1,299,51.590417
980.9,336,51.646423
894.8,240,51.686119
1842.3,208,51.719777
968.7,324,51.77336
1632.9,243,51.813249
594.6,283,52.174742
876.6,356,52.232963
1131.1,275,52.277584
1854.9,211,52.311863
1251.6,321,52.364008
1704.2,245,52.403543
1136.9,332,52.457245
1153.5,229,52.847828
1218.0,314,52.90064
797.9,345,52.958636
1284.5,268,53.003557
1551.2,211,53.038528
1471.5,276,53.083915
1127.5,273,53.129478
1393.8,242,53.169707
731.6,245,53.544002
2383.8,191,53.576024
1295.7,319,53.629637
832.5,290,53.678115
1521.8,271,53.723552
1527.2,270,53.76873
1051.4,227,53.8068
1210.2,262,54.167223
1282.7,321,54.219703
1056.4,283,54.266317
817.5,323,54.319778
1378.6,321,54.373098
819.9,266,54.417377
907.0,279,54.463555
1053.8,244,54.820908
882.4,330,54.875832
876.4,387,54.940762
1543.4,326,54.995156
812.5,280,55.041902
735.4,246,55.082644
955.9,348,55.139975
851.5,219,55.49191
1888.4,264,55.535395
1473.7,294,55.584534
1375.2,273,55.629771
1376.2,329,55.684572
943.9,377,55.747727
1044.4,307,55.798592
1377.8,358,56.179053
1269.25,367,56.240402
997.9,234,56.281659
648.9,292,56.331484
1754.4,287,56.379311
1200.2,302,56.429539
2228.2,229,56.467583
1354.4,375,56.848551
1462.1,302,56.898804
1205.6,367,56.960307
1114.1,446,57.035021
717.2,330,57.089434
1304.5,292,57.138124
812.1,289,57.501532
1517.8,313,57.552946
1133.1,342,57.609343
1138.1,330,57.663522
1845.8,295,57.712013
1137.5,331,57.76611
1069.8,272,58.125494
1128.3,291,58.173844
1177.4,462,58.250632
1224.0,211,58.285303
1230.8,288,58.332941
1044.2,398,58.398852
1043.6,393,58.778654
1407.4,248,58.819534
489.5,313,58.871076
972.7,289,58.918986
1508.0,344,58.975607
1049.2,333,59.03087
966.9,270,59.0763
1131.5,277,59.438708
1367.0,299,59.488722
881.0,351,59.547633
968.1,360,59.607245
1250.2,263,59.650858
1307.9,294,59.699714
1052.2,291,59.748018
1532.8,283,60.113108
891.4,345,60.170506
1379.8,231,60.208714
1218.6,315,60.260944
976.5,345,60.31831
1437.3,358,60.377497
1045.4,272,60.738209
1288.1,409,60.805165
1304.5,305,60.855261
804.1,323,60.908265
856.2,433,60.980117
1648.1,377,61.042616
1362.0,330,61.414408
1044.2,303,61.46393
946.9,395,61.528778
869.8,391,61.593274
1113.9,385,61.65678
1414.2,343,61.712916
892.0,280,62.073492
1368.2,387,62.137382
1346.6,376,62.1996
977.5,347,62.256873
1820.3,280,62.302858
982.5,294,62.351225
1392.6,242,62.70563
1119.5,283,62.752408
1829.5,219,62.788287
1292.3,369,62.849286
1597.9,310,62.900361
877.0,325,62.953892
1283.7,332,63.009033
1299.5,355,63.384
1011.4,491,63.464856
1217.8,375,63.526664
1436.7,349,63.583928
1742.2,229,63.621596
1895.6,316,63.673932
1269.8,391,64.054794
1615.3,253,64.096346
707.6,430,64.167779
1373.6,306,64.218657
1119.7,448,64.293184
881.8,348,64.666419
974.5,355,64.72484
1117.5,424,64.79558
1121.3,317,64.848302
1059.2,246,64.889156
1452.1,297,64.938526
1115.3,438,65.328549
944.9,435,65.40049
1184.8,404,65.467052
1384.8,339,65.523205
1665.9,274,65.56856
1899.6,201,65.601106
970.3,386,65.980954
2031.0,342,66.038743
1207.8,303,66.090321
792.9,438,66.1643
1444.3,320,66.21801
2029.8,332,66.27406
2098.2,237,66.630014
1647.1,280,66.676223
1178.7,333,66.731261
1827.6,370,66.792276
1131.5,371,66.853424
1196.0,329,66.907569
1428.7,401,67.290198
568.2,311,67.342336
1203.0,420,67.412937
1463.7,308,67.464444
1719.6,262,67.508123
1217.4,343,67.565875
1290.3,310,67.617361
1108.7,389,67.998837
1452.9,372,68.061832
1012.8,500,68.146654
1449.3,287,68.196038
1599.3,428,68.268203
1560.0,265,68.627692
1151.5,329,68.68193
1289.9,281,68.727899
1726.4,224,68.764359
1511.6,397,68.82943
1127.7,311,68.880232
1091.8,248,68.920616
1111.3,375,69.298419
1210.8,402,69.364252
1557.8,317,69.416529
1549.8,286,69.46338
1532.4,320,69.515665
1204.6,434,69.587019
1194.6,375,69.966774
1031.0,358,70.027109
1272.75,282,70.07896
1670.4,486,70.159901
2245.2,217,70.195556
815.5,365,70.568652
1086.85,500,70.652015
1137.1,378,70.715342
1180.95,500,70.799041
1042.0,341,70.855584
1430.7,418,71.244224
1207.8,301,71.294467
1224.0,308,71.345697
1429.1,368,71.406754
1000.5,244,71.447144
1189.2,430,71.518534
1178.2,390,71.900456
1504.3,500,71.983907
1628.5,295,72.032848
1040.8,390,72.097456
1049.8,382,72.161299
1352.5,309,72.212721
823.3,270,72.572445
1618.1,353,72.631393
1278.3,399,72.697858
1043.8,425,72.768616
1538.0,257,72.811271
1045.2,339,72.867652
1287.7,356,73.241231
1507.5,257,73.283423
881.0,301,73.332862
963.9,344,73.389532
1114.1,409,73.457337
1058.6,320,73.509994
1142.1,336,73.884045
1354.4,370,73.945287
2301.1,283,73.992007
1264.7,415,74.060814
1622.1,273,74.105778
1368.6,430,74.177471
906.4,361,74.553413
886.8,416,74.62276
1600.4,268,74.667601
1269.9,395,74.733729
1379.2,259,74.776906
1218.4,356,74.835794
1680.6,322,75.203848
1195.8,368,75.264709
883.8,298,75.31378
1593.9,440,75.386285
962.9,409,75.45366
1363.4,363,75.830824
1520.0,465,75.909112
1042.6,372,75.971837
1030.2,410,76.040669
1037.6,374,76.104246
1598.5,457,76.497061
1046.6,423,76.56855
1250.35,500,76.652389
2064.0,281,76.699486
1434.1,360,76.759499
1853.2,288,76.807129
944.8,391,77.188538
1281.1,467,77.267281
935.35,351,77.326281
961.7,443,77.400821
1392.6,318,77.453559
2234.2,267,77.837734
1359.6,322,77.892131
1265.3,457,77.96923
1130.9,405,78.037586
1193.6,444,78.111945
970.3,407,78.496002
1962.1,402,78.562515
1599.9,313,78.614038
917.4,287,78.661369
1102.5,468,78.737814
933.8,500,79.135042
1817.7,251,79.176417
1275.3,471,79.255033
1180.6,429,79.325929
1361.8,440,79.398659
1715.0,274,79.443823
1099.9,452,79.834475
1257.8,500,79.91834
1104.3,465,79.996368
783.65,500,80.079879
1946.2,251,80.121571
870.6,459,80.56377
1090.05,500,80.648411
1931.9,331,80.704046
863.8,479,80.784281
785.3,500,81.186761
894.8,402,81.253482
984.5,464,81.330465
966.5,437,81.402644
1380.2,393,81.467452
1439.3,488,81.86394
1199.9,438,81.936127
952.9,415,82.004349
943.3,411,82.072515
700.8,500,82.472054
1114.5,368,82.532895
1355.8,351,82.590592
1608.9,347,82.64791
910.6,335,82.702932
1589.1,394,82.767802
1526.0,328,83.13681
2289.7,228,83.17449
1598.7,373,83.23614
792.65,500,83.318624
1380.0,273,83.363756
1182.4,418,83.43299
1843.8,311,83.800151
1216.8,332,83.854574
1273.7,384,83.917501
1269.1,363,83.976792
1542.6,247,84.016851
1232.6,318,84.069614
859.7,500,84.470158
1361.0,337,84.525797
1212.0,396,84.591792
1253.95,500,84.675984
1209.2,392,84.742034
1245.0,495,85.141098
1170.8,457,85.21797
1386.2,352,85.277098
1017.6,446,85.35227
1282.9,397,85.418612
1519.2,453,85.810775
1290.3,403,85.878874
505.1,347,85.937324
1529.4,379,86.001315
793.3,395,86.06861
934.7,459,86.463308
1277.9,375,86.526612
1317.5,298,86.57659
1916.6,260,86.619944
2055.6,298,86.669833
1154.35,500,86.75354
840.8,500,87.151834
1442.9,416,87.221177
938.7,451,87.296094
1528.2,387,87.36011
1230.25,500,87.758777
1035.6,356,87.817635
1590.3,413,87.885794
1542.1,235,87.924175
1280.7,345,87.980898
1128.5,438,88.053043
1337.6,428,88.440385
2622.7,364,88.500871
1406.55,500,88.585732
1202.6,384,88.649585
1438.3,481,89.045862
1129.1,384,89.10974
1123.5,446,89.183669
1431.4,350,89.241237
1481.75,500,89.323941
1368.6,336,89.694856
1124.1,410,89.762476
1578.5,447,89.837244
801.7,377,89.900097
1426.7,426,89.971376
1036.6,482,90.367328
1403.15,500,90.45042
1159.7,500,90.533403
1363.6,333,90.588699
1180.4,462,90.665048
722.6,342,91.038219
1666.7,279,91.085859
1055.0,486,91.166758
1283.9,356,91.22608
1276.1,426,91.296944
1552.4,338,91.670274
930.5,491,91.752324
1518.4,387,91.816123
1567.8,315,91.868184
794.1,417,91.936963
1188.0,500,92.335243
1189.0,455,92.411695
1094.8,500,92.49492
1349.8,407,92.5631
694.9,500,92.646403
1267.5,488,93.046956
904.0,325,93.101352
1098.3,451,93.176534
799.5,482,93.256622
1572.7,486,93.653663
1132.5,388,93.718549
1833.4,414,93.788179
946.5,482,93.869107
1175.85,433,93.941631
1394.2,430,94.330182
528.7,500,94.412075
1372.8,375,94.474566
1172.0,483,94.5542
789.1,409,94.621438
1146.1,423,95.007645
1379.8,346,95.065716
1780.1,300,95.116151
1459.3,354,95.175442
1111.45,500,95.25967
1810.3,340,95.633437
1050.2,317,95.686412
941.9,444,95.761314
867.2,422,95.832495
1473.1,411,95.901112
1500.0,469,96.298359
1106.3,423,96.370171
1310.9,294,96.419547
1193.0,429,96.491403
1527.0,291,96.540231
1669.25,329,96.595258
1126.5,311,96.963133
1184.4,379,97.02713
1923.6,233,97.066796
1061.0,331,97.122043
1994.5,305,97.173095
955.4,316,97.226029
1529.0,316,97.595295
1225.8,320,97.648492
1670.5,483,97.729487
1465.5,349,97.787599
1201.2,388,97.852065
924.1,500,97.935313
1455.5,415,98.320054
1216.2,417,98.38933
949.5,403,98.456432
1454.3,359,98.515307
1452.9,305,98.565691
540.5,500,98.965572
1870.1,267,99.01003
1393.4,320,99.063491
2303.9,334,99.119095
1532.6,384,99.183054
1260.4,320,99.237013
853.25,500,99.636574
1180.6,472,99.715331
1608.7,395,99.780864
2282.1,373,99.842904
881.8,487,100.239601
1662.4,452,100.314412
780.9,485,100.394597
849.15,500,100.476879
1360.4,356,100.535672
1267.3,435,100.923991
1260.95,500,101.008277
1016.0,478,101.090352
1116.4,352,101.149354
1293.7,402,101.216506
1352.2,364,101.596677
1578.9,488,101.678105
1429.1,397,101.743983
1717.2,308,101.795006
1592.7,342,101.851714
1037.4,468,102.245068
2053.8,295,102.29385
2129.3,310,102.344746
1452.1,405,102.411139
1013.8,476,102.489094
1349.8,427,102.875139
1200.2,424,102.945623
1559.8,444,103.019607
1987.7,236,103.058705
1044.8,412,103.1273
1295.5,418,103.512908
1195.05,342,103.569842
1157.5,500,103.653576
740.2,352,103.71221
1253.15,500,103.795798
1179.05,500,104.20466
985.75,500,104.290004
1668.7,295,104.339853
889.8,422,104.410905
1357.0,373,104.473564
1207.2,404,104.856576
1130.3,415,104.924874
1696.6,339,104.980795
1182.4,429,105.05114
1343.2,423,105.121485
1744.4,276,105.167447
1119.85,376,105.545136
1360.8,420,105.616174
1092.65,500,105.698926
1440.3,344,105.756233
1125.1,396,105.821931
1017.55,500,106.225819
1997.8,435,106.299277
1298.1,386,106.364184
1055.8,399,106.43135
1582.0,368,106.493171
1199.1,378,106.872522
2570.0,271,106.91733
769.8,500,106.99944
1435.9,418,107.068422
1114.1,402,107.135455
1030.5,500,107.532622
1521.0,462,107.60885
1359.0,420,107.678112
1366.8,384,107.741445
986.9,357,107.799649
1506.25,500,108.198378
1407.95,416,108.267846
1018.55,499,108.350804
690.65,500,108.433317
941.05,500,108.832554
1188.8,460,108.90968
1285.5,411,108.97861
1955.7,386,109.043214
2156.3,310,109.094828
1034.2,480,109.49131
1307.9,381,109.554435
1454.5,332,109.609851
1412.95,438,109.682736
857.6,500,109.766051
1130.7,418,110.153351
1424.9,419,110.223056
1456.3,338,110.279042
1684.8,326,110.333236
1434.1,408,110.400634
2318.1,285,110.763054
941.6,500,110.847227
792.45,500,110.931413
1833.6,385,110.996361
1178.6,492,111.079796
967.7,298,111.44498
1294.7,347,111.503517
1349.8,410,111.572213
1672.6,407,111.640207
1109.7,371,111.70216
1841.9,279,111.748213
1678.9,231,112.103568
1256.7,412,112.171743
2266.9,375,112.233803
1101.9,500,112.316617
765.8,500,112.399142
1191.25,354,112.772518
1442.1,359,112.831741
1433.9,400,112.897596
1032.2,423,112.966958
1380.0,343,113.023023
1246.9,498,113.421749
2400.8,273,113.467851
1449.7,327,113.523348
1183.85,385,113.58746
1350.4,428,113.658924
1598.1,385,114.040823
1276.45,324,114.095141
1670.2,396,114.161474
1056.2,277,114.207549
1320.65,500,114.291175
1081.05,500,114.373955
1913.3,377,114.753007
1763.7,422,114.824344
2125.3,319,114.877824
1194.0,409,114.945813
1279.7,355,115.004912
1407.6,500,115.40405
2074.7,352,115.463782
1581.05,483,115.544865
1189.0,481,115.624864
1614.95,500,116.026094
1112.8,500,116.110553
1182.3,500,116.193807
1672.7,333,116.24933
1260.6,500,116.331859
1805.5,344,116.706197
1443.9,422,116.776138
2322.5,276,116.821913
1686.0,292,116.870449
1526.15,372,116.931991
1638.5,302,116.981663
2087.4,256,117.338649
1154.1,500,117.421687
1527.0,500,117.504343
1246.45,500,117.5871
941.45,500,117.984711
784.25,438,118.057076
1270.9,455,118.132659
951.7,410,118.200436
1440.1,381,118.263332
1424.9,404,118.644628
1588.5,480,118.724288
2131.1,269,118.768808
1416.7,470,118.846648
1996.8,364,118.906854
1362.8,454,119.298665
767.65,500,119.3817
1105.3,500,119.464399
1179.25,500,119.547078
1994.7,337,119.603404
1334.95,500,120.003266
1352.8,360,120.063191
764.6,500,120.147109
2015.7,295,120.198246
1823.25,414,120.269081
1032.8,500,120.678403
1353.6,408,120.74681
1116.7,452,120.82402
1826.6,454,120.89954
1760.9,335,120.954688
1489.55,500,121.367391
1035.2,448,121.444997
1377.0,356,121.50433
1105.1,436,121.576962
1294.5,290,121.625222
1195.6,405,122.015778
952.9,497,122.098723
1982.9,330,122.15362
1354.0,382,122.217203
1307.7,307,122.268015
1698.6,250,122.631372
956.9,356,122.692156
1365.2,356,122.75211
1274.7,396,122.818713
1521.2,385,122.883871
1027.0,448,122.960649
1190.6,395,123.353883
1769.6,267,123.399422
1597.1,369,123.461598
1648.9,383,123.526034
1713.0,500,123.610119
2047.4,295,123.980244
1607.3,301,124.031129
1424.1,466,124.108605
1221.6,387,124.173108
879.2,461,124.250469
1434.7,357,124.629817
1313.3,500,124.713583
1265.7,480,124.793905
1687.3,230,124.831854
1164.1,500,124.915164
1099.9,463,125.308369
1751.9,479,125.388164
1702.2,318,125.440521
1153.7,500,125.523643
1185.2,416,125.59399
1441.1,444,125.984359
1494.0,464,126.062284
1019.9,258,126.105808
1345.85,444,126.179742
1689.2,441,126.252959
1263.0,500,126.655407
1819.7,235,126.694528
1689.4,293,126.743395
1193.1,387,126.807774
1925.5,439,126.88026
1446.3,388,127.261265
1409.3,460,127.33808
1087.55,500,127.421406
1589.1,319,127.474871
975.5,398,127.541215
1031.8,494,127.940229
618.55,500,128.022648
2012.5,205,128.056241
955.1,475,128.136126
1433.5,434,128.208507
1019.2,405,128.591193
801.3,451,128.66651
1451.3,326,128.72102
1073.0,302,128.771103
1267.3,402,128.838065
1514.1,297,128.887373
